Entity,Code,Year,All meat - Production (tonnes)
Africa,OWID_AFR,1961,3909680.5
Africa,OWID_AFR,1962,3957753
Africa,OWID_AFR,1963,4055428.2
Africa,OWID_AFR,1964,4212714
Africa,OWID_AFR,1965,4343240.5
Africa,OWID_AFR,1966,4497575.5
Africa,OWID_AFR,1967,4592050
Africa,OWID_AFR,1968,4765848
Africa,OWID_AFR,1969,4969266
Africa,OWID_AFR,1970,5068574
Africa,OWID_AFR,1971,5136041.5
Africa,OWID_AFR,1972,5298013.5
Africa,OWID_AFR,1973,5382521.5
Africa,OWID_AFR,1974,5404675.5
Africa,OWID_AFR,1975,5473154
Africa,OWID_AFR,1976,5748805.5
Africa,OWID_AFR,1977,6023729
Africa,OWID_AFR,1978,6333949.5
Africa,OWID_AFR,1979,6510897.5
Africa,OWID_AFR,1980,6720095.5
Africa,OWID_AFR,1981,6829369.5
Africa,OWID_AFR,1982,7072634
Africa,OWID_AFR,1983,7330317.5
Africa,OWID_AFR,1984,7579792.5
Africa,OWID_AFR,1985,7741190.5
Africa,OWID_AFR,1986,7746064
Africa,OWID_AFR,1987,7922975.5
Africa,OWID_AFR,1988,8105111
Africa,OWID_AFR,1989,8404053
Africa,OWID_AFR,1990,8813862
Africa,OWID_AFR,1991,9479732
Africa,OWID_AFR,1992,9734482
Africa,OWID_AFR,1993,9599630
Africa,OWID_AFR,1994,9738197
Africa,OWID_AFR,1995,10092283
Africa,OWID_AFR,1996,10432824
Africa,OWID_AFR,1997,11184151
Africa,OWID_AFR,1998,11250162
Africa,OWID_AFR,1999,11765898
Africa,OWID_AFR,2000,11989037
Africa,OWID_AFR,2001,12428125
Africa,OWID_AFR,2002,12980529
Africa,OWID_AFR,2003,13114208
Africa,OWID_AFR,2004,13401554
Africa,OWID_AFR,2005,13964596
Africa,OWID_AFR,2006,14303879
Africa,OWID_AFR,2007,15032875
Africa,OWID_AFR,2008,15634825
Africa,OWID_AFR,2009,16140888
Africa,OWID_AFR,2010,16972774
Africa,OWID_AFR,2011,17380004
Africa,OWID_AFR,2012,17541300
Africa,OWID_AFR,2013,18362108
Africa,OWID_AFR,2014,18805282
Africa,OWID_AFR,2015,19490094
Africa,OWID_AFR,2016,19299054
Africa,OWID_AFR,2017,19902004
Africa,OWID_AFR,2018,20617062
Africa,OWID_AFR,2019,21236394
Africa,OWID_AFR,2020,21814874
Africa,OWID_AFR,2021,22594306
Africa,OWID_AFR,2022,22616616
Africa,OWID_AFR,2023,23116402
Africa,OWID_AFR,2024,24162200
Asia,OWID_ASI,1961,9034635
Asia,OWID_ASI,1962,9903224
Asia,OWID_ASI,1963,11675245
Asia,OWID_ASI,1964,13275711
Asia,OWID_ASI,1965,14414256
Asia,OWID_ASI,1966,15318537
Asia,OWID_ASI,1967,15974712
Asia,OWID_ASI,1968,16205370
Asia,OWID_ASI,1969,16464766
Asia,OWID_ASI,1970,16952140
Asia,OWID_ASI,1971,18352532
Asia,OWID_ASI,1972,19545554
Asia,OWID_ASI,1973,20071022
Asia,OWID_ASI,1974,20662462
Asia,OWID_ASI,1975,21063530
Asia,OWID_ASI,1976,21365440
Asia,OWID_ASI,1977,22065722
Asia,OWID_ASI,1978,23763536
Asia,OWID_ASI,1979,26768760
Asia,OWID_ASI,1980,28597604
Asia,OWID_ASI,1981,29900184
Asia,OWID_ASI,1982,31735568
Asia,OWID_ASI,1983,33005648
Asia,OWID_ASI,1984,35421616
Asia,OWID_ASI,1985,38414108
Asia,OWID_ASI,1986,40335828
Asia,OWID_ASI,1987,43065336
Asia,OWID_ASI,1988,46041904
Asia,OWID_ASI,1989,48058136
Asia,OWID_ASI,1990,50851350
Asia,OWID_ASI,1991,53302908
Asia,OWID_ASI,1992,59988068
Asia,OWID_ASI,1993,64475668
Asia,OWID_ASI,1994,69863544
Asia,OWID_ASI,1995,76626650
Asia,OWID_ASI,1996,72416870
Asia,OWID_ASI,1997,80095830
Asia,OWID_ASI,1998,84768240
Asia,OWID_ASI,1999,87809624
Asia,OWID_ASI,2000,89520360
Asia,OWID_ASI,2001,91783450
Asia,OWID_ASI,2002,94692410
Asia,OWID_ASI,2003,98208720
Asia,OWID_ASI,2004,100481260
Asia,OWID_ASI,2005,104938810
Asia,OWID_ASI,2006,108648960
Asia,OWID_ASI,2007,108130480
Asia,OWID_ASI,2008,113422720
Asia,OWID_ASI,2009,118917350
Asia,OWID_ASI,2010,123004410
Asia,OWID_ASI,2011,124776100
Asia,OWID_ASI,2012,131173410
Asia,OWID_ASI,2013,135158370
Asia,OWID_ASI,2014,138553460
Asia,OWID_ASI,2015,141238700
Asia,OWID_ASI,2016,141540050
Asia,OWID_ASI,2017,144399400
Asia,OWID_ASI,2018,145142700
Asia,OWID_ASI,2019,137568860
Asia,OWID_ASI,2020,138451860
Asia,OWID_ASI,2021,152065650
Asia,OWID_ASI,2022,157882560
Asia,OWID_ASI,2023,163518180
Asia,OWID_ASI,2024,164935580
Europe,OWID_EUR,1961,29454630
Europe,OWID_EUR,1962,31015250
Europe,OWID_EUR,1963,31889974
Europe,OWID_EUR,1964,30686422
Europe,OWID_EUR,1965,33402414
Europe,OWID_EUR,1966,34716332
Europe,OWID_EUR,1967,36654212
Europe,OWID_EUR,1968,37970330
Europe,OWID_EUR,1969,38291410
Europe,OWID_EUR,1970,40084132
Europe,OWID_EUR,1971,42315988
Europe,OWID_EUR,1972,43139124
Europe,OWID_EUR,1973,43988784
Europe,OWID_EUR,1974,47581340
Europe,OWID_EUR,1975,48416270
Europe,OWID_EUR,1976,47053676
Europe,OWID_EUR,1977,49260710
Europe,OWID_EUR,1978,51348236
Europe,OWID_EUR,1979,52937332
Europe,OWID_EUR,1980,53437572
Europe,OWID_EUR,1981,53334436
Europe,OWID_EUR,1982,53348670
Europe,OWID_EUR,1983,55008840
Europe,OWID_EUR,1984,56641210
Europe,OWID_EUR,1985,57230316
Europe,OWID_EUR,1986,58686860
Europe,OWID_EUR,1987,60519660
Europe,OWID_EUR,1988,61539972
Europe,OWID_EUR,1989,61399716
Europe,OWID_EUR,1990,62620950
Europe,OWID_EUR,1991,60739484
Europe,OWID_EUR,1992,55353148
Europe,OWID_EUR,1993,53588468
Europe,OWID_EUR,1994,51973790
Europe,OWID_EUR,1995,51169212
Europe,OWID_EUR,1996,51377744
Europe,OWID_EUR,1997,50441364
Europe,OWID_EUR,1998,51747668
Europe,OWID_EUR,1999,51403544
Europe,OWID_EUR,2000,51392740
Europe,OWID_EUR,2001,50915720
Europe,OWID_EUR,2002,52331164
Europe,OWID_EUR,2003,52209036
Europe,OWID_EUR,2004,51900780
Europe,OWID_EUR,2005,51971916
Europe,OWID_EUR,2006,51744640
Europe,OWID_EUR,2007,53942384
Europe,OWID_EUR,2008,54148028
Europe,OWID_EUR,2009,54727090
Europe,OWID_EUR,2010,56636550
Europe,OWID_EUR,2011,57617076
Europe,OWID_EUR,2012,58055376
Europe,OWID_EUR,2013,58157550
Europe,OWID_EUR,2014,59071796
Europe,OWID_EUR,2015,61035908
Europe,OWID_EUR,2016,62447940
Europe,OWID_EUR,2017,62750548
Europe,OWID_EUR,2018,64149460
Europe,OWID_EUR,2019,64491110
Europe,OWID_EUR,2020,64056204
Europe,OWID_EUR,2021,65125932
Europe,OWID_EUR,2022,64130316
Europe,OWID_EUR,2023,62850124
Europe,OWID_EUR,2024,64505480
North America,OWID_NAM,1961,19582326
North America,OWID_NAM,1962,19770852
North America,OWID_NAM,1963,20757328
North America,OWID_NAM,1964,22046130
North America,OWID_NAM,1965,21866078
North America,OWID_NAM,1966,22777450
North America,OWID_NAM,1967,23840084
North America,OWID_NAM,1968,24350612
North America,OWID_NAM,1969,24607134
North America,OWID_NAM,1970,25562930
North America,OWID_NAM,1971,26458136
North America,OWID_NAM,1972,26455826
North America,OWID_NAM,1973,25513914
North America,OWID_NAM,1974,27032352
North America,OWID_NAM,1975,26597296
North America,OWID_NAM,1976,28935064
North America,OWID_NAM,1977,29336450
North America,OWID_NAM,1978,29249058
North America,OWID_NAM,1979,29520262
North America,OWID_NAM,1980,30689002
North America,OWID_NAM,1981,31341672
North America,OWID_NAM,1982,30784686
North America,OWID_NAM,1983,32012160
North America,OWID_NAM,1984,32321566
North America,OWID_NAM,1985,32829898
North America,OWID_NAM,1986,33414980
North America,OWID_NAM,1987,34002680
North America,OWID_NAM,1988,34977860
North America,OWID_NAM,1989,35268020
North America,OWID_NAM,1990,35733750
North America,OWID_NAM,1991,36592896
North America,OWID_NAM,1992,38123270
North America,OWID_NAM,1993,38815076
North America,OWID_NAM,1994,40298716
North America,OWID_NAM,1995,41962056
North America,OWID_NAM,1996,42769356
North America,OWID_NAM,1997,43761356
North America,OWID_NAM,1998,45298588
North America,OWID_NAM,1999,46975930
North America,OWID_NAM,2000,47912656
North America,OWID_NAM,2001,49033350
North America,OWID_NAM,2002,49892284
North America,OWID_NAM,2003,50619156
North America,OWID_NAM,2004,51607904
North America,OWID_NAM,2005,51893730
North America,OWID_NAM,2006,52297692
North America,OWID_NAM,2007,54100090
North America,OWID_NAM,2008,55539810
North America,OWID_NAM,2009,54562210
North America,OWID_NAM,2010,54729110
North America,OWID_NAM,2011,55406636
North America,OWID_NAM,2012,55577856
North America,OWID_NAM,2013,55854660
North America,OWID_NAM,2014,56237784
North America,OWID_NAM,2015,57009544
North America,OWID_NAM,2016,58832124
North America,OWID_NAM,2017,60486348
North America,OWID_NAM,2018,61973940
North America,OWID_NAM,2019,63759236
North America,OWID_NAM,2020,62751924
North America,OWID_NAM,2021,63539704
North America,OWID_NAM,2022,64212544
North America,OWID_NAM,2023,64082936
North America,OWID_NAM,2024,64259468
Oceania,OWID_OCE,1961,2296934.2
Oceania,OWID_OCE,1962,2551369.8
Oceania,OWID_OCE,1963,2682246.2
Oceania,OWID_OCE,1964,2781513
Oceania,OWID_OCE,1965,2800674
Oceania,OWID_OCE,1966,2759457.5
Oceania,OWID_OCE,1967,2756990.2
Oceania,OWID_OCE,1968,2963922
Oceania,OWID_OCE,1969,3064067.8
Oceania,OWID_OCE,1970,3265042
Oceania,OWID_OCE,1971,3437994
Oceania,OWID_OCE,1972,3738812.5
Oceania,OWID_OCE,1973,3828705
Oceania,OWID_OCE,1974,3384839.8
Oceania,OWID_OCE,1975,3727691
Oceania,OWID_OCE,1976,4242705.5
Oceania,OWID_OCE,1977,4302013.5
Oceania,OWID_OCE,1978,4523058.5
Oceania,OWID_OCE,1979,4325880
Oceania,OWID_OCE,1980,4027564.2
Oceania,OWID_OCE,1981,4058010
Oceania,OWID_OCE,1982,4102541.2
Oceania,OWID_OCE,1983,4186009
Oceania,OWID_OCE,1984,3849403
Oceania,OWID_OCE,1985,4053253.2
Oceania,OWID_OCE,1986,4098239.2
Oceania,OWID_OCE,1987,4359172
Oceania,OWID_OCE,1988,4479068.5
Oceania,OWID_OCE,1989,4348997
Oceania,OWID_OCE,1990,4497484
Oceania,OWID_OCE,1991,4660147.5
Oceania,OWID_OCE,1992,4857309.5
Oceania,OWID_OCE,1993,4795341.5
Oceania,OWID_OCE,1994,4923602
Oceania,OWID_OCE,1995,4944604.5
Oceania,OWID_OCE,1996,4877678
Oceania,OWID_OCE,1997,5042755.5
Oceania,OWID_OCE,1998,5349532.5
Oceania,OWID_OCE,1999,5253030
Oceania,OWID_OCE,2000,5401505.5
Oceania,OWID_OCE,2001,5609914.5
Oceania,OWID_OCE,2002,5609057
Oceania,OWID_OCE,2003,5585798.5
Oceania,OWID_OCE,2004,5763856.5
Oceania,OWID_OCE,2005,5799477.5
Oceania,OWID_OCE,2006,5983259.5
Oceania,OWID_OCE,2007,6081794
Oceania,OWID_OCE,2008,6001657.5
Oceania,OWID_OCE,2009,5864990.5
Oceania,OWID_OCE,2010,5874516
Oceania,OWID_OCE,2011,5916376
Oceania,OWID_OCE,2012,6040279.5
Oceania,OWID_OCE,2013,6423344
Oceania,OWID_OCE,2014,6799474
Oceania,OWID_OCE,2015,6952840.5
Oceania,OWID_OCE,2016,6685582
Oceania,OWID_OCE,2017,6426286
Oceania,OWID_OCE,2018,6807208.5
Oceania,OWID_OCE,2019,6919720.5
Oceania,OWID_OCE,2020,6610095
Oceania,OWID_OCE,2021,6504719.5
Oceania,OWID_OCE,2022,6526214
Oceania,OWID_OCE,2023,7129483.5
Oceania,OWID_OCE,2024,7679027
South America,OWID_SAM,1961,6516067.5
South America,OWID_SAM,1962,6845100.5
South America,OWID_SAM,1963,7167211
South America,OWID_SAM,1964,6833250
South America,OWID_SAM,1965,7021074
South America,OWID_SAM,1966,7397433.5
South America,OWID_SAM,1967,7733470
South America,OWID_SAM,1968,8195066
South America,OWID_SAM,1969,8799164
South America,OWID_SAM,1970,8840646
South America,OWID_SAM,1971,8200579
South America,OWID_SAM,1972,8649722
South America,OWID_SAM,1973,8752269
South America,OWID_SAM,1974,8884900
South America,OWID_SAM,1975,9503946
South America,OWID_SAM,1976,10363582
South America,OWID_SAM,1977,10625577
South America,OWID_SAM,1978,11252177
South America,OWID_SAM,1979,11592894
South America,OWID_SAM,1980,12152578
South America,OWID_SAM,1981,12766394
South America,OWID_SAM,1982,12506676
South America,OWID_SAM,1983,12635683
South America,OWID_SAM,1984,12447388
South America,OWID_SAM,1985,13062386
South America,OWID_SAM,1986,13630451
South America,OWID_SAM,1987,13738327
South America,OWID_SAM,1988,14637338
South America,OWID_SAM,1989,14884576
South America,OWID_SAM,1990,15673508
South America,OWID_SAM,1991,16664580
South America,OWID_SAM,1992,17252580
South America,OWID_SAM,1993,18335916
South America,OWID_SAM,1994,19445316
South America,OWID_SAM,1995,20967916
South America,OWID_SAM,1996,21657426
South America,OWID_SAM,1997,22268902
South America,OWID_SAM,1998,22849778
South America,OWID_SAM,1999,24690616
South America,OWID_SAM,2000,25717128
South America,OWID_SAM,2001,26217490
South America,OWID_SAM,2002,27429700
South America,OWID_SAM,2003,28562884
South America,OWID_SAM,2004,30848720
South America,OWID_SAM,2005,29231400
South America,OWID_SAM,2006,30900770
South America,OWID_SAM,2007,32649936
South America,OWID_SAM,2008,34000250
South America,OWID_SAM,2009,34317308
South America,OWID_SAM,2010,35105700
South America,OWID_SAM,2011,36104476
South America,OWID_SAM,2012,37358040
South America,OWID_SAM,2013,39017044
South America,OWID_SAM,2014,41281976
South America,OWID_SAM,2015,40812370
South America,OWID_SAM,2016,40505530
South America,OWID_SAM,2017,41646252
South America,OWID_SAM,2018,42238610
South America,OWID_SAM,2019,43205684
South America,OWID_SAM,2020,43292556
South America,OWID_SAM,2021,42458700
South America,OWID_SAM,2022,44228212
South America,OWID_SAM,2023,45852990
South America,OWID_SAM,2024,47825540